,start time,end time,phone,word
0,0,1200000,sil,sil
1,1200000,1500000,DH,THE
2,1500000,3400000,AH0,THE
3,3400000,3400000,sp,THE
4,3400000,3700000,F,FARMER
5,3700000,9800000,AA1,FARMER
6,9800000,10100000,R,FARMER
7,10100000,10400000,M,FARMER
8,10400000,10700000,ER0,FARMER
9,10700000,10700000,sp,FARMER
10,10700000,11300000,AH0,AND
11,11300000,11800000,N,AND
12,11800000,11800000,sp,AND
13,11800000,12100000,DH,THE
14,12100000,13600000,AH0,THE
15,13600000,13600000,sp,THE
16,13600000,13900000,S,STORK
17,13900000,14800000,T,STORK
18,14800000,17900000,AO1,STORK
19,17900000,18300000,R,STORK
20,18300000,23300000,K,STORK
21,23300000,23300000,sp,STORK
22,23300000,24300000,DH,THE
23,24300000,25800000,IY0,THE
24,25800000,25800000,sp,THE
25,25800000,26100000,F,FARMER
26,26100000,30000000,AA1,FARMER
27,30000000,30300000,R,FARMER
28,30300000,30900000,M,FARMER
29,30900000,32600000,ER0,FARMER
30,32600000,32600000,sp,FARMER
31,32600000,32900000,P,PLACED
32,32900000,34000000,L,PLACED
33,34000000,34500000,EY1,PLACED
34,34500000,34800000,S,PLACED
35,34800000,35100000,T,PLACED
36,35100000,35100000,sp,PLACED
37,35100000,35400000,N,NETS
38,35400000,37800000,EH1,NETS
39,37800000,38500000,T,NETS
40,38500000,38800000,S,NETS
41,38800000,38800000,sp,NETS
42,38800000,39800000,AA1,ON
43,39800000,40100000,N,ON
44,40100000,40100000,sp,ON
45,40100000,40400000,HH,HIS
46,40400000,41900000,IH0,HIS
47,41900000,42200000,Z,HIS
48,42200000,42200000,sp,HIS
49,42200000,42500000,N,NEWLY
50,42500000,43700000,UW1,NEWLY
51,43700000,44600000,L,NEWLY
52,44600000,45900000,IY0,NEWLY
53,45900000,45900000,sp,NEWLY
54,45900000,46300000,S,SOWN
55,46300000,48700000,OW1,SOWN
56,48700000,49000000,N,SOWN
57,49000000,49000000,sp,SOWN
58,49000000,49600000,P,PLOW
59,49600000,50000000,L,PLOW
60,50000000,51500000,AW1,PLOW
61,51500000,51500000,sp,PLOW
62,51500000,52400000,L,LANDS
63,52400000,54300000,AE1,LANDS
64,54300000,55300000,N,LANDS
65,55300000,56000000,D,LANDS
66,56000000,56300000,Z,LANDS
67,56300000,56300000,sp,LANDS
68,56300000,57900000,AH0,AND
69,57900000,58500000,N,AND
70,58500000,59600000,D,AND
71,59600000,59600000,sp,AND
72,59600000,60000000,K,CAUGHT
73,60000000,64000000,AA1,CAUGHT
74,64000000,64300000,T,CAUGHT
75,64300000,64300000,sp,CAUGHT
76,64300000,65100000,AH0,A
77,65100000,65100000,sp,A
78,65100000,65400000,N,NUMBER
79,65400000,66100000,AH1,NUMBER
80,66100000,66400000,M,NUMBER
81,66400000,66700000,B,NUMBER
82,66700000,67700000,ER0,NUMBER
83,67700000,67700000,sp,NUMBER
84,67700000,68700000,AH0,OF
85,68700000,69000000,V,OF
86,69000000,69000000,sp,OF
87,69000000,69800000,K,CRANES
88,69800000,71200000,R,CRANES
89,71200000,71700000,EY1,CRANES
90,71700000,74000000,N,CRANES
91,74000000,74500000,Z,CRANES
92,74500000,74500000,sp,CRANES
93,74500000,76000000,HH,WHICH
94,76000000,76900000,W,WHICH
95,76900000,77600000,IH1,WHICH
96,77600000,78500000,CH,WHICH
97,78500000,78500000,sp,WHICH
98,78500000,79900000,K,CAME
99,79900000,81000000,EY1,CAME
100,81000000,81800000,M,CAME
101,81800000,81800000,sp,CAME
102,81800000,82500000,T,TO
103,82500000,83200000,AH0,TO
104,83200000,83200000,sp,TO
105,83200000,83600000,P,PICK
106,83600000,84100000,IH1,PICK
107,84100000,84700000,K,PICK
108,84700000,84700000,sp,PICK
109,84700000,85200000,AH1,UP
110,85200000,86000000,P,UP
111,86000000,86000000,sp,UP
112,86000000,86400000,HH,HIS
113,86400000,86700000,IH0,HIS
114,86700000,87400000,Z,HIS
115,87400000,87400000,sp,HIS
116,87400000,87700000,S,SEED
117,87700000,90600000,IY1,SEED
118,90600000,97800000,D,SEED
119,97800000,97800000,sp,SEED
120,97800000,98800000,W,WITH
121,98800000,100400000,IH1,WITH
122,100400000,100700000,DH,WITH
123,100700000,100700000,sp,WITH
124,100700000,101000000,DH,THEM
125,101000000,102600000,EH1,THEM
126,102600000,103200000,M,THEM
127,103200000,103200000,sp,THEM
128,103200000,103600000,HH,HE
129,103600000,104000000,IY1,HE
130,104000000,104000000,sp,HE
131,104000000,104800000,HH,HAD
132,104800000,105300000,AE1,HAD
133,105300000,105800000,D,HAD
134,105800000,105800000,sp,HAD
135,105800000,106800000,K,CAPTURED
136,106800000,107800000,AE1,CAPTURED
137,107800000,108400000,P,CAPTURED
138,108400000,108700000,CH,CAPTURED
139,108700000,109500000,ER0,CAPTURED
140,109500000,110200000,D,CAPTURED
141,110200000,110200000,sp,CAPTURED
142,110200000,110600000,AH0,A
143,110600000,110600000,sp,A
144,110600000,111000000,S,STORK
145,111000000,112000000,T,STORK
146,112000000,113900000,AO1,STORK
147,113900000,114800000,R,STORK
148,114800000,115100000,K,STORK
149,115100000,115100000,sp,STORK
150,115100000,115400000,DH,THAT
151,115400000,115900000,AH0,THAT
152,115900000,116200000,T,THAT
153,116200000,116200000,sp,THAT
154,116200000,116500000,HH,HAD
155,116500000,116900000,AE1,HAD
156,116900000,118000000,D,HAD
157,118000000,118000000,sp,HAD
158,118000000,118300000,F,FRACTURED
159,118300000,119300000,R,FRACTURED
160,119300000,119600000,AE1,FRACTURED
161,119600000,120600000,K,FRACTURED
162,120600000,120900000,CH,FRACTURED
163,120900000,121400000,ER0,FRACTURED
164,121400000,121700000,D,FRACTURED
165,121700000,121700000,sp,FRACTURED
166,121700000,122400000,HH,HIS
167,122400000,122900000,IH1,HIS
168,122900000,123800000,Z,HIS
169,123800000,123800000,sp,HIS
170,123800000,124900000,L,LEG
171,124900000,126900000,EH1,LEG
172,126900000,127300000,G,LEG
173,127300000,127300000,sp,LEG
174,127300000,127700000,IH0,IN
175,127700000,128100000,N,IN
176,128100000,128100000,sp,IN
177,128100000,128400000,DH,THE
178,128400000,128900000,AH0,THE
179,128900000,128900000,sp,THE
180,128900000,129500000,N,NET
181,129500000,131600000,EH1,NET
182,131600000,132300000,T,NET
183,132300000,132300000,sp,NET
184,132300000,133100000,AE1,AND
185,133100000,136100000,N,AND
186,136100000,136100000,sp,AND
187,136100000,136500000,W,WAS
188,136500000,139600000,AH0,WAS
189,139600000,139900000,Z,WAS
190,139900000,139900000,sp,WAS
191,139900000,140800000,ER1,EARNESTLY
192,140800000,141200000,N,EARNESTLY
193,141200000,142500000,AH0,EARNESTLY
194,142500000,142800000,S,EARNESTLY
195,142800000,143100000,T,EARNESTLY
196,143100000,143800000,L,EARNESTLY
197,143800000,144300000,IY0,EARNESTLY
198,144300000,144300000,sp,EARNESTLY
199,144300000,144700000,B,BESEECHING
200,144700000,145300000,IY0,BESEECHING
201,145300000,145900000,S,BESEECHING
202,145900000,146300000,IY1,BESEECHING
203,146300000,146600000,CH,BESEECHING
204,146600000,148900000,IH0,BESEECHING
205,148900000,149200000,NG,BESEECHING
206,149200000,149200000,sp,BESEECHING
207,149200000,149500000,DH,THE
208,149500000,150500000,AH0,THE
209,150500000,150500000,sp,THE
210,150500000,150800000,F,FARMER
211,150800000,154300000,AA1,FARMER
212,154300000,154900000,R,FARMER
213,154900000,155200000,M,FARMER
214,155200000,155500000,ER0,FARMER
215,155500000,155500000,sp,FARMER
216,155500000,156100000,T,TO
217,156100000,156800000,AH0,TO
218,156800000,156800000,sp,TO
219,156800000,157200000,S,SPARE
220,157200000,157800000,P,SPARE
221,157800000,158900000,EH1,SPARE
222,158900000,160300000,R,SPARE
223,160300000,160300000,sp,SPARE
224,160300000,161400000,HH,HIS
225,161400000,163900000,IH1,HIS
226,163900000,164200000,Z,HIS
227,164200000,164200000,sp,HIS
228,164200000,164500000,L,LIFE
229,164500000,166300000,AY1,LIFE
230,166300000,171800000,F,LIFE
231,171800000,171800000,sp,LIFE
232,171800000,173000000,P,PRAY
233,173000000,174300000,R,PRAY
234,174300000,175300000,EY1,PRAY
235,175300000,175300000,sp,PRAY
236,175300000,175600000,S,SAVE
237,175600000,178300000,EY1,SAVE
238,178300000,178600000,V,SAVE
239,178600000,178600000,sp,SAVE
240,178600000,179100000,M,ME
241,179100000,179900000,IY1,ME
242,179900000,179900000,sp,ME
243,179900000,180700000,M,MASTER
244,180700000,181800000,AE1,MASTER
245,181800000,182400000,S,MASTER
246,182400000,183400000,T,MASTER
247,183400000,188200000,ER0,MASTER
248,188200000,188200000,sp,MASTER
249,188200000,188700000,HH,HE
250,188700000,190100000,IY1,HE
251,190100000,190100000,sp,HE
252,190100000,190400000,S,SAID
253,190400000,192400000,EH1,SAID
254,192400000,194900000,D,SAID
255,194900000,194900000,sp,SAID
256,194900000,195900000,AE1,AND
257,195900000,196600000,N,AND
258,196600000,196600000,sp,AND
259,196600000,196900000,L,LET
260,196900000,198100000,EH1,LET
261,198100000,198400000,T,LET
262,198400000,198400000,sp,LET
263,198400000,198700000,M,ME
264,198700000,199500000,IY1,ME
265,199500000,199500000,sp,ME
266,199500000,200000000,G,GO
267,200000000,204000000,OW1,GO
268,204000000,204000000,sp,GO
269,204000000,204300000,F,FREE
270,204300000,204800000,R,FREE
271,204800000,206400000,IY1,FREE
272,206400000,206400000,sp,FREE
273,206400000,206700000,DH,THIS
274,206700000,207400000,IH1,THIS
275,207400000,207700000,S,THIS
276,207700000,207700000,sp,THIS
277,207700000,208100000,W,ONCE
278,208100000,208500000,AH1,ONCE
279,208500000,209000000,N,ONCE
280,209000000,209700000,S,ONCE
281,209700000,209700000,sp,ONCE
282,209700000,210000000,M,MY
283,210000000,211400000,AY1,MY
284,211400000,211400000,sp,MY
285,211400000,212800000,B,BROKEN
286,212800000,214100000,R,BROKEN
287,214100000,215700000,OW1,BROKEN
288,215700000,216300000,K,BROKEN
289,216300000,216900000,AH0,BROKEN
290,216900000,217700000,N,BROKEN
291,217700000,217700000,sp,BROKEN
292,217700000,218000000,L,LIMB
293,218000000,219200000,IH1,LIMB
294,219200000,219800000,M,LIMB
295,219800000,219800000,sp,LIMB
296,219800000,220900000,SH,SHALL
297,220900000,221600000,AE1,SHALL
298,221600000,221900000,L,SHALL
299,221900000,221900000,sp,SHALL
300,221900000,222400000,IH0,EXCITE
301,222400000,223300000,K,EXCITE
302,223300000,223600000,S,EXCITE
303,223600000,223900000,AY1,EXCITE
304,223900000,224200000,T,EXCITE
305,224200000,224200000,sp,EXCITE
306,224200000,224500000,Y,YOUR
307,224500000,225700000,UH1,YOUR
308,225700000,227000000,R,YOUR
309,227000000,227000000,sp,YOUR
310,227000000,228000000,P,PITY
311,228000000,228800000,IH1,PITY
312,228800000,229200000,T,PITY
313,229200000,235000000,IY0,PITY
314,235000000,235000000,sp,PITY
315,235000000,235400000,B,BESIDES
316,235400000,236500000,IH0,BESIDES
317,236500000,236800000,S,BESIDES
318,236800000,239800000,AY1,BESIDES
319,239800000,240300000,D,BESIDES
320,240300000,240900000,Z,BESIDES
321,240900000,240900000,sp,BESIDES
322,240900000,241200000,AY1,I
323,241200000,241200000,sp,I
324,241200000,243200000,EY1,AM
325,243200000,245400000,EH1,AM
326,245400000,246600000,M,AM
327,246600000,246600000,sp,AM
328,246600000,247600000,N,NO
329,247600000,249000000,OW1,NO
330,249000000,249000000,sp,NO
331,249000000,249300000,K,CRANE
332,249300000,251400000,R,CRANE
333,251400000,251700000,EY1,CRANE
334,251700000,255200000,N,CRANE
335,255200000,255200000,sp,CRANE
336,255200000,256900000,AY1,I
337,256900000,256900000,sp,I
338,256900000,257200000,AE1,AM
339,257200000,257700000,M,AM
340,257700000,257700000,sp,AM
341,257700000,258900000,AH0,A
342,258900000,258900000,sp,A
343,258900000,259200000,S,STORK
344,259200000,260700000,T,STORK
345,260700000,264700000,AO1,STORK
346,264700000,265200000,R,STORK
347,265200000,267500000,K,STORK
348,267500000,267500000,sp,STORK
349,267500000,268400000,AH0,A
350,268400000,268400000,sp,A
351,268400000,269400000,B,BIRD
352,269400000,271800000,ER1,BIRD
353,271800000,272100000,D,BIRD
354,272100000,272100000,sp,BIRD
355,272100000,273000000,AH0,OF
356,273000000,273300000,V,OF
357,273300000,273300000,sp,OF
358,273300000,273900000,EH1,EXCELLENT
359,273900000,275100000,K,EXCELLENT
360,275100000,275400000,S,EXCELLENT
361,275400000,275700000,AH0,EXCELLENT
362,275700000,276500000,L,EXCELLENT
363,276500000,277100000,AH0,EXCELLENT
364,277100000,277500000,N,EXCELLENT
365,277500000,278100000,T,EXCELLENT
366,278100000,278100000,sp,EXCELLENT
367,278100000,279200000,K,CHARACTER
368,279200000,280700000,EH1,CHARACTER
369,280700000,281400000,R,CHARACTER
370,281400000,281700000,IH0,CHARACTER
371,281700000,282000000,K,CHARACTER
372,282000000,282300000,T,CHARACTER
373,282300000,287500000,ER0,CHARACTER
374,287500000,287500000,sp,CHARACTER
375,287500000,288300000,AH0,AND
376,288300000,288600000,N,AND
377,288600000,289200000,D,AND
378,289200000,289200000,sp,AND
379,289200000,290200000,S,SEE
380,290200000,292000000,IY1,SEE
381,292000000,292000000,sp,SEE
382,292000000,292800000,HH,HOW
383,292800000,294200000,AW1,HOW
384,294200000,294200000,sp,HOW
385,294200000,294700000,AY1,I
386,294700000,294700000,sp,I
387,294700000,295900000,L,LOVE
388,295900000,297200000,AH1,LOVE
389,297200000,297500000,V,LOVE
390,297500000,297500000,sp,LOVE
391,297500000,298300000,AH0,AND
392,298300000,298600000,N,AND
393,298600000,299900000,D,AND
394,299900000,299900000,sp,AND
395,299900000,300300000,S,SLAVE
396,300300000,305100000,L,SLAVE
397,305100000,305900000,EY1,SLAVE
398,305900000,306300000,V,SLAVE
399,306300000,306300000,sp,SLAVE
400,306300000,306600000,F,FOR
401,306600000,309000000,AO1,FOR
402,309000000,309400000,R,FOR
403,309400000,309400000,sp,FOR
404,309400000,309700000,M,MY
405,309700000,312000000,AY1,MY
406,312000000,312000000,sp,MY
407,312000000,312300000,M,MOTHER
408,312300000,313700000,AH1,MOTHER
409,313700000,314000000,DH,MOTHER
410,314000000,317300000,ER0,MOTHER
411,317300000,317300000,sp,MOTHER
412,317300000,317600000,AH0,AND
413,317600000,318400000,N,AND
414,318400000,318400000,sp,AND
415,318400000,318700000,F,FATHER
416,318700000,320100000,AA1,FATHER
417,320100000,320400000,DH,FATHER
418,320400000,320700000,ER0,FATHER
419,320700000,320700000,sp,FATHER
420,320700000,321500000,L,LOOK
421,321500000,322500000,UH1,LOOK
422,322500000,323000000,K,LOOK
423,323000000,323000000,sp,LOOK
424,323000000,323500000,T,TOO
425,323500000,325300000,UW1,TOO
426,325300000,325300000,sp,TOO
427,325300000,326200000,AE1,AT
428,326200000,326500000,T,AT
429,326500000,326500000,sp,AT
430,326500000,327100000,M,MY
431,327100000,329000000,AY1,MY
432,329000000,329000000,sp,MY
433,329000000,329300000,F,FEATHERS
434,329300000,330400000,EH1,FEATHERS
435,330400000,330700000,DH,FEATHERS
436,330700000,332600000,ER0,FEATHERS
437,332600000,332900000,Z,FEATHERS
438,332900000,332900000,sp,FEATHERS
439,332900000,333200000,DH,THEY
440,333200000,336900000,EY1,THEY
441,336900000,336900000,sp,THEY
442,336900000,339000000,AA1,ARE
443,339000000,339300000,R,ARE
444,339300000,339300000,sp,ARE
445,339300000,339700000,N,NOT
446,339700000,341200000,AA1,NOT
447,341200000,341500000,T,NOT
448,341500000,341500000,sp,NOT
449,341500000,341800000,DH,THE
450,341800000,343500000,AH0,THE
451,343500000,343500000,sp,THE
452,343500000,344500000,L,LEAST
453,344500000,347200000,IY1,LEAST
454,347200000,347500000,S,LEAST
455,347500000,348600000,T,LEAST
456,348600000,348600000,sp,LEAST
457,348600000,349000000,L,LIKE
458,349000000,350000000,AY1,LIKE
459,350000000,350800000,K,LIKE
460,350800000,350800000,sp,LIKE
461,350800000,351300000,DH,THOSE
462,351300000,352900000,OW1,THOSE
463,352900000,353700000,Z,THOSE
464,353700000,353700000,sp,THOSE
465,353700000,354200000,AH0,OF
466,354200000,354500000,V,OF
467,354500000,354500000,sp,OF
468,354500000,355200000,AH0,A
469,355200000,355200000,sp,A
470,355200000,356800000,K,CRANE
471,356800000,358100000,R,CRANE
472,358100000,358400000,EY1,CRANE
473,358400000,365700000,N,CRANE
474,365700000,365700000,sp,CRANE
475,365700000,366000000,DH,THE
476,366000000,367400000,AH0,THE
477,367400000,367400000,sp,THE
478,367400000,367700000,F,FARMER
479,367700000,369600000,AA1,FARMER
480,369600000,369900000,R,FARMER
481,369900000,370200000,M,FARMER
482,370200000,370700000,ER0,FARMER
483,370700000,370700000,sp,FARMER
484,370700000,371400000,L,LAUGHED
485,371400000,373000000,AE1,LAUGHED
486,373000000,373300000,F,LAUGHED
487,373300000,373600000,T,LAUGHED
488,373600000,373600000,sp,LAUGHED
489,373600000,374300000,AH0,ALOUD
490,374300000,374700000,L,ALOUD
491,374700000,377600000,AW1,ALOUD
492,377600000,377900000,D,ALOUD
493,377900000,377900000,sp,ALOUD
494,377900000,378500000,AH0,AND
495,378500000,378800000,N,AND
496,378800000,379600000,D,AND
497,379600000,379600000,sp,AND
498,379600000,380100000,S,SAID
499,380100000,382500000,EH1,SAID
500,382500000,382900000,D,SAID
501,382900000,382900000,sp,SAID
502,382900000,383400000,IH0,IT
503,383400000,383700000,T,IT
504,383700000,383700000,sp,IT
505,383700000,384000000,M,MAY
506,384000000,388000000,EY1,MAY
507,388000000,388000000,sp,MAY
508,388000000,388400000,B,BE
509,388400000,390000000,IY1,BE
510,390000000,390000000,sp,BE
511,390000000,391400000,AO1,ALL
512,391400000,391800000,L,ALL
513,391800000,391800000,sp,ALL
514,391800000,393400000,EH1,AS
515,393400000,393700000,Z,AS
516,393700000,393700000,sp,AS
517,393700000,394300000,Y,YOU
518,394300000,396800000,UW1,YOU
519,396800000,396800000,sp,YOU
520,396800000,397400000,S,SAY
521,397400000,398000000,EY1,SAY
522,398000000,398000000,sp,SAY
523,398000000,398300000,AY1,I
524,398300000,398300000,sp,I
525,398300000,402800000,OW1,ONLY
526,402800000,403100000,N,ONLY
527,403100000,403400000,L,ONLY
528,403400000,405900000,IY0,ONLY
529,405900000,405900000,sp,ONLY
530,405900000,406200000,N,KNOW
531,406200000,409400000,OW1,KNOW
532,409400000,409400000,sp,KNOW
533,409400000,409700000,DH,THIS
534,409700000,410400000,IH1,THIS
535,410400000,410700000,S,THIS
536,410700000,410700000,sp,THIS
537,410700000,414700000,AY1,I
538,414700000,414700000,sp,I
539,414700000,418400000,HH,HAVE
540,418400000,422200000,AE1,HAVE
541,422200000,422500000,V,HAVE
542,422500000,422500000,sp,HAVE
543,422500000,422800000,T,TAKEN
544,422800000,423100000,EY1,TAKEN
545,423100000,423600000,K,TAKEN
546,423600000,425900000,AH0,TAKEN
547,425900000,426200000,N,TAKEN
548,426200000,426200000,sp,TAKEN
549,426200000,426500000,Y,YOU
550,426500000,434300000,UW1,YOU
551,434300000,434300000,sp,YOU
552,434300000,434800000,W,WITH
553,434800000,436600000,IH1,WITH
554,436600000,436900000,TH,WITH
555,436900000,436900000,sp,WITH
556,436900000,437200000,DH,THESE
557,437200000,437600000,IY1,THESE
558,437600000,437900000,Z,THESE
559,437900000,437900000,sp,THESE
560,437900000,438200000,R,ROBBERS
561,438200000,439900000,AA1,ROBBERS
562,439900000,440200000,B,ROBBERS
563,440200000,440900000,ER0,ROBBERS
564,440900000,441200000,Z,ROBBERS
565,441200000,441200000,sp,ROBBERS
566,441200000,441600000,DH,THE
567,441600000,441900000,AH0,THE
568,441900000,441900000,sp,THE
569,441900000,442500000,K,CRANES
570,442500000,442800000,R,CRANES
571,442800000,444300000,EY1,CRANES
572,444300000,444600000,N,CRANES
573,444600000,447100000,Z,CRANES
574,447100000,447100000,sp,CRANES
575,447100000,447900000,AE1,AND
576,447900000,448600000,N,AND
577,448600000,448600000,sp,AND
578,448600000,449100000,Y,YOU
579,449100000,449900000,UW1,YOU
580,449900000,449900000,sp,YOU
581,449900000,450300000,M,MUST
582,450300000,450900000,AH1,MUST
583,450900000,451500000,S,MUST
584,451500000,451800000,T,MUST
585,451800000,451800000,sp,MUST
586,451800000,452300000,D,DIE
587,452300000,454000000,AY1,DIE
588,454000000,454000000,sp,DIE
589,454000000,454300000,IH0,IN
590,454300000,454900000,N,IN
591,454900000,454900000,sp,IN
592,454900000,455200000,DH,THEIR
593,455200000,455500000,EH1,THEIR
594,455500000,455800000,R,THEIR
595,455800000,455800000,sp,THEIR
596,455800000,456200000,K,COMPANY
597,456200000,457300000,AH1,COMPANY
598,457300000,457800000,M,COMPANY
599,457800000,458100000,P,COMPANY
600,458100000,460400000,AH0,COMPANY
601,460400000,460700000,N,COMPANY
602,460700000,465500000,IY0,COMPANY
603,465500000,465500000,sp,COMPANY
604,465500000,466100000,B,BIRDS
605,466100000,468300000,ER1,BIRDS
606,468300000,468800000,D,BIRDS
607,468800000,469100000,Z,BIRDS
608,469100000,469100000,sp,BIRDS
609,469100000,470400000,AH0,OF
610,470400000,470700000,V,OF
611,470700000,470700000,sp,OF
612,470700000,471200000,AH0,A
613,471200000,471200000,sp,A
614,471200000,471500000,F,FEATHER
615,471500000,473900000,EH1,FEATHER
616,473900000,474200000,DH,FEATHER
617,474200000,474700000,ER0,FEATHER
618,474700000,474700000,sp,FEATHER
619,474700000,475000000,F,FLOCK
620,475000000,475300000,L,FLOCK
621,475300000,477600000,AA1,FLOCK
622,477600000,479800000,K,FLOCK
623,479800000,479800000,sp,FLOCK
624,479800000,480200000,T,TOGETHER
625,480200000,481100000,AH0,TOGETHER
626,481100000,481800000,G,TOGETHER
627,481800000,482500000,EH1,TOGETHER
628,482500000,482900000,DH,TOGETHER
629,482900000,485500000,ER0,TOGETHER
630,485500000,485500000,sp,TOGETHER
631,485500000,490000000,sil,sil
